store_id,store_type,size,feature_1,feature_2,feature_3,feature_4,feature_5,feature_6,feature_7,feature_8,feature_9,feature_10,feature_11,feature_12,feature_13,feature_14,feature_15,feature_16,feature_17,feature_18,feature_19,feature_20,feature_21,feature_22,feature_23,feature_24,feature_25,feature_26,feature_27,feature_28,feature_29,feature_30,feature_31,feature_32,feature_33,feature_34,feature_35,feature_36,feature_37,feature_38,feature_39,feature_40,feature_41,feature_42,feature_43,feature_44,feature_45,feature_46,feature_47,feature_48,feature_49,feature_50,feature_51,feature_52,feature_53,feature_54,feature_55,feature_56,feature_57,feature_58,feature_59,feature_60,feature_61,feature_62,feature_63,feature_64,feature_65,feature_66,feature_67,feature_68,feature_69,feature_70,feature_71,feature_72,feature_73,feature_74,feature_75,feature_76,feature_77,feature_78,feature_79,feature_80,feature_81,feature_82,feature_83,feature_84,feature_85,feature_86,feature_87,feature_88,feature_89,feature_90,feature_91,feature_92,feature_93,feature_94,feature_95,feature_96,feature_97,feature_98,feature_99,feature_100,feature_101,feature_102,feature_103,feature_104,feature_105,feature_106,feature_107,feature_108,feature_109,feature_110,feature_111,feature_112,feature_113,feature_114,feature_115,feature_116,feature_117,feature_118,feature_119,feature_120,feature_121,feature_122,feature_123,feature_124,feature_125,feature_126,feature_127,feature_128,feature_129,feature_130,feature_131,feature_132,feature_133,feature_134,feature_135,feature_136,feature_137,feature_138,feature_139,feature_140,feature_141,feature_142,feature_143,feature_144,feature_145,feature_146,feature_147,feature_148,feature_149,feature_150,feature_151,feature_152,feature_153,feature_154
100,A,-0.4151,-1.4671,-0.2519,-1.2549,0.8203,0.9541,0.1564,-0.7934,-0.7564,0.6018,1.4375,0.173,-0.7691,-0.8599,-0.1319,-0.1962,-0.6185,-0.7026,-0.5058,-0.6263,1.9278,-0.2663,-0.4714,-0.6721,-0.2545,1.0812,-0.6878,-0.6626,-0.6405,-0.5583,-0.7678,1.2994,-0.5692,-0.74,1.6448,-0.3736,-0.0551,0.2428,0.7161,0.8035,0.3315,1.4553,-1.8544,-1.0068,-0.9273,-0.2721,-0.9485,-0.9275,0.1322,0.9268,0.5837,1.1248,0.6511,-1.1123,-0.9955,-0.3424,-0.7188,-0.3434,-0.5871,-0.6305,-0.3325,-1.2742,-0.6852,-0.5066,-0.6905,3.4581,1.2912,0.039,0.4086,1.2997,-1.3903,1.8657,-0.7662,-0.7466,-0.7655,2.115,-1.0424,-0.387,-0.8551,-0.369,0.4213,1.9625,-0.3856,-0.6206,-0.3589,-0.7377,-0.5912,-0.5711,-0.5016,-0.5101,-0.2826,-0.3119,-0.9426,-0.2943,-0.5108,-0.473,-0.3831,-0.4597,-0.3502,-0.4945,-0.6777,-0.3178,0.1746,-0.4439,-0.3422,-0.7463,-0.3355,-0.4692,-0.5756,-0.3064,0.2999,-0.1605,-0.3425,-0.4066,-0.174,-0.7711,1.8802,-0.1052,-0.7243,-0.4853,-0.3234,-0.6492,0.2213,-0.7607,1.9681,1.4119,0.033,0.8821,1.0137,0.0554,2.193,-0.8125,-0.0107,-0.4658,-0.4135,-0.6217,-0.8324,-0.5981,-0.5364,-0.382,-0.204,-0.3969,-0.4204,-0.7283,-0.3954,3.0662,-0.9301,-0.572,-0.3607,0.2221,-0.1311,1.1536,-0.4766,-0.3323,-1.1875
101,A,0.8671,0.3429,0.9849,-0.8906,0.8203,1.3426,1.7536,-0.1953,-0.2422,1.5045,0.0589,0.6505,-0.921,-0.8282,0.2044,-0.801,-0.6185,-0.7026,-0.5058,-0.691,0.6282,-0.4113,-0.4714,-0.5521,-0.5913,1.7768,-0.733,-0.6626,-0.7498,-0.8989,0.3317,1.4142,-0.7026,-0.8702,0.5664,1.1588,0.6337,0.6228,0.1328,-0.1397,-1.1601,-0.3605,0.5883,0.1803,0.5061,0.6883,0.1554,0.2005,0.3717,0.8019,0.2904,0.715,0.5124,-0.6661,-0.4406,-0.3424,-0.7188,-0.4276,-0.2896,-0.5226,1.5378,0.4072,-0.6852,-0.4827,-0.6905,0.5087,0.3809,0.7918,0.9284,0.0877,-1.1102,1.1605,-0.6723,0.4928,-0.2182,0.1543,-0.4471,-0.5983,-0.9564,-0.7164,0.2861,1.352,-0.412,1.219,-0.4277,0.9118,-0.7959,-0.5711,-0.5286,-0.5101,-0.6262,-0.3119,-0.0401,-0.1875,-0.4915,-0.473,2.1322,-0.4912,-0.6879,-0.5301,-0.6777,0.0195,2.6604,-0.8434,-0.0383,-0.5727,-0.5032,-0.5249,-0.476,-0.4403,-0.075,2.1534,-0.493,-0.4243,-0.3138,-0.2617,3.5026,-0.4165,-0.598,-0.4853,-0.3234,-0.2891,-0.253,-0.8495,0.5751,1.6156,-0.5243,1.2456,1.9081,-0.4704,0.9094,-0.8125,-0.1414,-0.4658,-0.4135,-0.6894,-0.7463,-0.5981,-0.5364,-0.382,-0.3112,-0.3969,-0.5079,0.7358,-0.3954,0.2246,-0.5769,-0.6107,-0.4462,-0.1286,-0.4417,2.1425,-0.7551,0.8013,-1.0822
102,A,1.4375,0.3429,0.5158,-0.4742,0.0618,0.7209,1.0437,-0.1033,-0.6536,0.6018,1.1194,0.4595,-0.4219,-1.1139,-0.1991,-0.5565,-0.6185,-0.7026,-0.5058,-0.4319,-0.0217,-0.3146,-0.4714,-0.5521,-0.5913,1.3006,-0.5525,-0.5394,-0.5891,-0.3028,0.6278,1.1559,-0.4358,-0.8702,1.4291,0.1956,0.6337,0.5278,0.1328,0.1747,0.3315,-0.2091,-0.2039,0.2792,1.4617,0.6883,0.5233,0.2005,-0.6661,-0.1138,-0.6312,-0.3975,0.9008,1.6054,0.4472,0.0547,-0.1745,-0.4276,-0.5276,-0.4147,-1.2677,-0.3831,-0.6228,-0.4827,-0.6905,2.5604,1.9573,0.6915,0.7177,2.0326,-1.2503,-0.25,-0.6253,0.1305,0.7369,0.2374,-0.3034,0.7599,-0.8467,-0.8554,-0.3785,0.407,-0.412,-0.6206,-0.4277,0.0871,-0.3866,-0.5711,-0.5286,0.3,-0.6262,-0.3119,0.0501,-0.4011,-0.4915,-0.0401,3.2298,-0.4597,-0.3502,-0.3341,-0.6777,0.9638,1.6412,0.7047,2.1906,-0.6595,-0.5032,-0.497,-0.476,-0.0387,2.1739,0.7861,-0.2421,-0.4066,-0.2739,-0.0071,0.4243,-0.2297,-0.3453,-0.4853,-0.3234,-0.6042,-0.253,-0.6719,0.3172,0.7134,-0.0599,0.0139,3.6075,-0.2992,0.3809,0.7772,2.1688,-0.4286,-0.4135,-0.4523,-0.0574,-0.5981,-0.5364,-0.382,-0.2219,-0.3969,-0.4204,-0.1652,-0.3954,0.3772,-0.7535,-0.572,-0.4462,-0.304,-0.2346,1.1536,-0.4766,-0.0816,-0.5818
103,A,1.1204,1.0178,0.4518,-0.7865,-0.4439,0.2547,0.393,-0.6553,-0.5508,-0.3009,1.183,-0.4717,0.0338,-0.225,-0.3841,1.1937,-0.6185,-0.4939,-0.5058,-0.4967,-0.0217,-0.3146,-0.4714,-0.4321,-0.5913,-0.1442,-0.733,-0.293,-0.5441,-0.8138,0.5009,-0.509,0.4313,-0.1541,0.2069,0.1956,0.2204,-0.1372,-0.1588,-0.1397,0.3315,-1.2078,1.5125,0.7738,0.9839,0.6883,0.1554,0.2005,-0.4666,-0.3635,-0.0866,-0.1926,0.8731,1.1186,0.2622,-0.2232,0.1365,-0.5118,-0.4681,-0.6305,-0.3325,1.1976,-0.5603,-0.4827,-0.5667,-0.5172,-0.374,-0.0613,-0.0549,1.2151,-0.3165,-0.4263,-0.5783,-0.022,0.8764,-0.7761,1.5545,-0.1908,-0.6103,-0.5775,-0.3785,-0.3791,-0.3856,-0.2862,-0.2902,-0.5315,0.2274,-0.5711,-0.0437,0.7321,-0.798,-0.3119,-0.5816,-0.2943,-0.4334,1.2586,1.5377,-0.4282,0.6629,2.9261,-0.6777,-0.5201,0.4729,0.6548,3.8117,-0.486,-0.3355,-0.4692,-0.2767,5.4499,1.0495,-0.2306,-0.3926,-0.4243,-0.2339,-0.5483,-0.4909,-0.4165,-0.598,-0.1331,-0.3234,-0.5592,-0.4111,-0.5831,-0.4567,0.044,-0.2456,-0.3293,1.4609,-0.0424,-0.3742,1.572,0.9047,0.5748,-0.4135,-0.3507,0.287,-0.299,-0.165,-0.382,-0.2933,-0.3969,-0.4204,-0.6157,-0.2119,-0.4047,0.1295,-0.5333,-0.318,-0.304,-0.2346,0.1648,-0.4766,-0.2887,0.3532
104,A,-0.0486,0.0668,0.9956,0.3586,0.8203,0.7598,0.5705,0.2648,0.889,0.6018,0.4195,-1.0686,-0.4653,-0.4155,0.5238,1.2001,-0.8648,-0.7026,-0.5058,-0.6478,-0.0217,-0.4113,-0.4714,-0.5521,-0.5913,-0.0372,-0.7781,0.0767,-0.6148,-0.7286,0.078,0.6392,-0.5025,-0.5609,-0.0447,0.8961,0.978,0.4328,0.1328,0.8035,-0.4143,-0.0276,-0.0059,-0.3143,0.3469,0.9284,0.5233,0.2005,0.6511,0.6771,0.835,0.5979,0.6234,-0.585,-0.5516,-0.66,-1.0298,-0.3855,-0.6467,-0.6305,-0.3325,0.5002,-0.654,-0.4827,-0.8143,-0.0043,1.7353,0.842,0.4227,-0.3069,-0.5032,0.6316,-0.7192,-0.2222,-0.6797,0.5863,-0.8679,-0.9453,-0.3401,-0.7859,1.9083,0.8419,-0.412,0.2155,-0.3589,0.0871,-0.5912,-0.5711,-0.5286,-0.4021,0.2329,-0.3119,-0.3109,-0.1875,-0.4721,-0.473,-0.063,-0.4597,-0.5753,-0.2807,-0.526,-0.655,1.0197,-0.5937,-0.5448,-0.6595,-0.5032,-0.5249,-0.476,-0.3064,-0.4498,0.5407,-0.493,-0.4066,-0.3138,-0.4846,1.4227,-0.1363,-0.7243,-0.4853,-0.3234,-0.5592,-0.253,-0.5387,0.8503,0.8298,0.033,0.2562,-0.1491,1.7064,0.7584,-0.8125,-0.8388,-0.28,0.1181,-0.554,-0.8324,-0.5981,-0.165,-0.382,-0.1326,-0.3969,-0.5079,-0.1652,-0.3954,1.0065,-0.9301,-0.3785,0.3228,0.3975,0.697,0.1648,-0.1981,0.5506,-1.0822
105,A,1.8736,-0.2707,0.6331,1.2954,1.0731,1.1095,0.8071,0.4948,0.6833,0.6018,0.9709,-0.7821,-0.5738,-0.6695,-0.4177,-0.756,-0.6185,-0.5983,-0.5058,-0.5399,-0.0217,-0.1213,-0.4714,-0.4321,-0.4229,1.5414,-0.5525,-0.1698,-0.6984,-0.5583,-0.1334,0.8114,-0.9694,-0.268,0.818,0.502,-0.3995,-0.4222,-0.8878,-0.4541,-0.4143,0.3356,-0.7321,-0.3143,0.0283,0.4482,0.1554,0.2005,0.3717,0.7187,0.5837,0.3637,0.7343,-0.2199,-0.8106,-0.7394,-0.641,-0.4697,-0.3491,-0.4687,0.6027,0.7094,-0.1854,-0.4108,-0.4429,0.5087,0.6251,-0.1115,0.5632,-0.7015,-0.5616,1.3368,-0.6253,0.2068,-0.1109,1.4337,-0.6626,1.1221,-0.7285,-0.4385,0.027,-0.0195,-0.3593,0.8845,-0.3589,0.9118,-0.3866,-0.5711,-0.4747,-0.4561,0.9202,-0.3119,-0.1304,0.1329,-0.4527,-0.3647,1.5834,-0.4282,-0.5753,-0.5301,-0.6777,1.0987,1.7903,-0.5438,0.2657,-0.6595,-0.5032,-0.497,-0.2767,-0.4403,1.7991,0.4706,0.1595,-0.4066,-0.3138,0.8524,0.1331,0.4241,-0.4717,-0.4853,-0.3234,-0.1541,0.3004,0.2605,0.042,0.1895,1.7978,-0.188,0.477,-0.3848,-0.1477,-0.8125,2.3431,-0.4658,-0.0591,-0.4862,-0.5741,0.1495,-0.5364,-0.382,-0.2933,-0.3969,-0.5079,0.7358,-0.2119,0.9875,-1.1067,-0.1075,-0.4462,1.4498,-0.3036,0.6592,-0.7551,0.6923,-0.1472
106,A,-0.5274,0.7724,0.6118,0.3065,1.0731,1.226,0.5705,-0.7013,-0.2422,2.4071,0.78,-1.0208,-1.1814,-0.9552,1.2973,-0.4343,-0.6185,-0.807,-0.5058,-0.691,-0.0217,-0.5563,-0.4714,-0.5521,-0.9282,1.3755,-0.9134,-0.5394,-0.5505,-1.0692,-0.6832,1.4429,-0.836,-0.7074,0.0272,0.8961,1.3913,0.4328,0.7161,-0.4541,0.3315,-0.7539,0.5223,0.477,1.1432,1.6487,0.5233,1.3286,0.7708,0.8019,1.0026,1.7688,0.6788,-1.4774,-0.9585,-0.8189,-1.263,-0.596,-0.8252,-0.7384,0.6027,0.5157,-0.6852,-0.4827,-0.8143,1.5345,0.5585,1.3941,0.521,0.1723,-0.9234,0.9136,-0.8132,-0.7847,-0.8084,0.5697,-0.9808,0.0355,-0.5934,-0.508,0.3199,2.4141,-0.4383,-0.6206,-0.4277,-0.9439,-0.5912,-0.5711,-0.5286,-0.5101,-0.2826,-0.278,-1.0329,-0.2943,-0.4915,-0.5812,-0.0173,-0.4912,-0.5753,-0.4767,-0.6777,-0.5876,0.2491,-0.7935,-0.2409,-0.6595,-0.5032,-0.5249,-0.5756,-0.1725,-0.4498,0.2953,-0.3425,-0.4243,-0.2939,-0.6438,1.0067,0.0505,-0.8507,-0.4853,-0.3234,-0.6042,-0.332,-0.7163,2.7247,3.5074,1.7978,-0.2082,1.0137,-0.1402,1.589,-0.8125,0.2073,-0.3915,-0.4135,-0.6556,-0.3157,-0.4486,-0.5364,-0.382,-0.0254,-0.3969,-0.5079,-1.1787,-0.3954,1.2926,0.1295,0.0473,-0.1899,1.9174,-0.1656,2.1425,-0.1981,0.2454,-0.5686
107,A,-0.2098,-0.0866,-0.7423,-1.0467,1.8316,0.0216,-0.0802,-0.3333,0.1691,0.6018,1.8405,-0.9969,-0.6823,-0.225,0.2884,2.635,-0.8648,-0.7026,-0.5058,-0.7342,-0.3466,-0.5079,-0.4714,-0.5521,-0.0861,-0.979,-1.0037,-0.6626,-0.7691,-1.2396,-0.6409,1.0698,0.1645,-1.0004,0.135,0.7647,1.1847,1.4778,1.0077,1.4323,0.3315,0.154,0.1262,0.5759,-0.2902,-0.7523,-0.5806,-0.9275,1.8086,1.8841,0.7931,0.8906,-0.2923,-1.7207,-0.8846,-0.263,-1.263,-0.5118,-0.7062,-0.6305,0.6027,-1.0107,-0.6852,-0.4827,-0.6905,-0.0684,0.3809,1.9461,0.1136,-0.4197,-0.4215,0.8431,-0.6253,-0.7084,-0.7655,0.1211,-1.0424,-1.1566,-0.2979,-0.508,3.6432,0.4321,-0.3856,-0.2862,-0.3589,0.7056,-0.5912,-0.5711,-0.5286,-0.5101,-0.4544,-0.3119,-0.1755,-0.4011,-0.4915,-0.5812,-0.2459,-0.4912,-0.5753,-0.156,-0.6777,-0.4527,-0.1237,-0.5937,-0.4435,-0.486,-0.3355,-0.497,-0.5756,-0.4403,-0.4498,-0.3358,-0.493,-0.4243,-0.3138,-0.2299,0.1331,-0.3854,-0.598,-0.4853,-0.3234,-0.6492,-0.332,-0.7607,0.3172,0.4514,-0.1527,0.236,-0.5068,4.1277,0.6074,-0.8125,-0.7952,-0.1685,-0.1477,-0.5878,-0.9185,-0.7476,-0.165,-0.382,-0.2755,-0.3969,-0.5079,-0.3904,-0.3954,0.3963,-0.7535,-0.5333,0.4509,0.0468,1.2491,0.6592,0.6375,0.7141,-1.1349
108,A,0.2819,-0.424,-0.1346,0.3065,-0.4439,-0.9109,-1.7957,-1.9435,-1.682,-0.3009,0.271,-0.4955,-0.8342,-1.1139,2.9786,0.6982,-0.3722,-0.5983,-0.5058,-0.799,-0.3466,-0.5079,-0.4714,-0.5521,-1.0966,-1.7389,-0.9586,-0.6626,2.092,-1.3247,-0.514,-0.7961,1.2318,0.1226,-0.4402,-0.5925,-0.0551,0.6228,1.2993,0.4891,0.3315,0.3961,0.3902,-0.5122,-1.0866,-1.2326,-0.5806,-0.9275,0.5313,1.1766,1.4634,1.7396,0.3459,-1.5585,-1.2175,-1.0571,-1.1853,-0.596,-0.5871,-0.6305,-0.3325,0.7714,-0.6228,-0.2432,-0.0715,-0.5813,-0.152,1.8457,-1.3192,1.8916,0.0921,-0.8494,-0.5783,-1.1184,-0.626,-1.1251,1.6982,-0.8397,2.353,-0.508,-0.5362,-0.6551,-0.3856,-0.6206,-0.4277,-0.9439,-0.3866,-0.5711,-0.4208,-0.348,-0.9699,-0.278,-1.078,-0.2943,-0.4721,-0.2204,-0.8862,-0.4282,1.3383,1.4118,-0.526,-0.9248,-0.9689,-0.1443,-0.2409,-0.6595,-0.1677,-0.3856,-0.6752,2.371,-0.8246,-0.6864,-0.3425,-0.1938,2.7223,-0.7711,-0.6989,-0.2297,-0.598,-0.4853,-0.2202,-0.6042,-0.4111,-0.1391,-0.577,-0.6254,-0.3385,-0.3293,-0.5963,-0.287,-0.5252,-0.0177,-0.8824,0.3147,-0.4135,0.5299,0.4593,0.1495,0.9489,-0.382,4.333,0.1573,2.0317,-1.1787,-0.3954,-0.5764,-0.2237,-0.2236,0.1092,-0.2455,0.2139,-0.3296,0.359,-2.5341,0.3796
109,A,2.1409,-0.2093,0.036,0.6188,-0.6967,-0.6778,-0.4351,0.7249,-0.0366,-1.2036,0.2286,0.3878,-0.1398,0.1876,-0.3337,-0.0096,0.1204,0.4452,0,0.4751,-0.3466,-0.2663,-0.4714,-0.072,1.4297,-0.7917,0.0792,0.0767,0.7354,0.7191,0.67,-0.7674,0.2979,0.2203,-0.1526,0.0204,-0.2617,-0.3272,-0.3046,-0.1397,0.3315,0.2145,-0.1379,-0.3143,0.0283,-0.2721,-0.5806,0.2005,-0.3468,-0.2386,-0.1285,-0.1047,-0.209,0.3885,0.1513,0.3327,0.292,-0.0908,0.0079,0.1786,-0.3325,0.4925,2.4702,-0.4587,0.5475,-0.1966,-0.6848,-0.1617,-0.2235,0.4259,0.1504,-0.4968,0.2672,0.569,0.8979,-0.5934,0.6102,-0.7039,-0.1375,2.2018,-0.6827,-0.6969,-0.175,1.0517,0.1909,0.4994,0.8414,0.5462,0.8452,0.246,-0.1107,-0.278,1.9455,1.6279,-0.1429,1.7997,-0.5661,0.296,2.6891,0.3429,-0.0708,-0.3178,-0.7452,2.0531,-0.2409,-0.2256,-0.3355,0.6449,0.5202,0.7645,-0.8246,-0.6513,-0.4428,-0.0343,0.1656,-0.5483,-0.6989,-0.3854,1.297,0.2192,-0.2202,-0.1541,-0.0158,-0.0947,-0.663,-0.6545,-0.6171,-0.3293,-0.6857,-0.4337,-0.5252,2.3669,-0.4465,0.5005,-0.4135,0.1234,0.5454,0.299,0.2063,0.191,-0.1326,-0.0133,0.1051,0.5105,6.2076,-0.7289,-0.4003,-0.1849,-0.2326,-0.3624,-0.2346,-0.824,0.0805,-0.7138,0.6693
110,B,-0.3433,-0.8842,-0.2732,2.1802,-0.191,0.7598,1.2212,-0.9314,-0.7564,-0.3009,0.0589,1.8442,-1.1163,-0.9869,0.0699,-0.9297,0.1204,-0.5983,-0.5058,-0.2159,0.3032,0.5552,1.6499,-0.5521,-0.4229,0.8083,-0.4622,-0.4162,0.1374,-0.4731,0.6278,0.266,-0.7026,0.5132,0.4945,-0.5925,-1.0882,-0.9922,-0.5962,0.4891,-0.4143,0.9106,-0.2699,-1.2046,-0.9273,-0.9924,-0.5806,-0.9275,1.2099,1.3847,1.2958,1.4761,0.0129,-1.6396,-1.2545,-0.9777,-0.5633,-0.6802,-0.5871,-0.5226,0.6027,0.0198,-0.6228,-0.2911,0.9189,1.5345,0.2255,-0.9647,0.0153,-0.6452,-0.2348,2.5709,-0.7662,-1.004,-1.1089,1.5667,-0.8679,1.439,-0.281,0.9511,0.6692,0.7081,-0.412,-0.7879,-0.4964,-0.9439,-0.7959,-0.5711,-0.5824,-0.6721,-0.9699,-0.21,-1.1683,-0.2943,-0.4721,-0.6533,-0.7033,-0.4597,-0.5753,-0.5657,-0.6777,-0.1154,-0.1486,-0.9433,-0.5448,-0.6595,-0.3355,-0.4135,-0.476,-0.1725,-0.075,-0.4059,-0.1417,-0.4066,-0.1341,-0.5801,0.0499,2.0742,-0.7243,-0.4853,-0.3234,-0.5142,-0.0158,0.0829,1.4694,0.1604,5.0486,-0.0669,-0.328,-0.5071,-0.2232,-0.8125,0.0329,-0.5401,-0.3249,-0.5878,0.8898,0.5981,-0.5364,-0.382,0.1889,-0.3543,-0.1576,-1.0661,-0.2119,2.3606,2.7785,1.3633,-0.4889,5.7757,-0.5107,2.6369,-0.1981,-0.2887,-1.1217
111,A,-0.107,-0.24,-0.3798,0.6708,0.5675,-0.6389,-0.6717,-0.1493,-0.3451,-0.3009,-0.1744,-0.1135,0.2941,0.2194,0.2212,2.3841,-0.6185,-0.3896,-0.5058,-0.6263,-0.3466,-0.4113,-0.4714,-0.312,-0.7597,-1.4178,-0.8232,-0.4162,-0.1004,-1.3247,0.2049,-0.9683,0.8316,1.0665,-0.3323,-0.8114,-1.2949,-1.3723,-0.8878,-0.4541,-0.4143,0.1237,0.1922,0.0813,-0.6088,-0.7523,-0.9485,-0.9275,0.5712,1.0933,0.6675,0.2466,0.4291,-1.0312,-0.3666,-0.5012,-0.5633,-0.4276,-0.5871,-0.4147,0.6027,0.2987,-0.529,-0.2671,-0.1953,-0.5813,-0.041,0.0892,-1.1366,-1.1807,1.5045,-0.4968,0.2672,-0.432,-0.3363,-0.6764,1.6161,-0.8397,0.8249,-0.369,-0.1419,-0.5882,-0.333,0.3828,-0.2215,0.4994,0.4321,-0.5711,-0.4208,0.084,0.0611,-0.278,-0.0401,-0.2943,-0.3559,-0.473,-0.1545,-0.3968,-0.3502,4.0663,0.6878,-0.7899,-0.1983,0.0555,-0.3422,0.9025,-0.1677,-0.497,-0.2767,-0.3064,-0.4498,-0.3358,-0.493,-0.4066,-0.174,-0.3891,-0.5325,-0.3854,-0.3453,-0.4853,-0.2202,-0.5592,-0.332,-0.4055,-0.5599,-0.4799,-0.5243,-0.3293,0.0298,0.2022,-0.4497,-0.2826,-0.185,2.2844,-0.0591,1.3089,-0.1435,0,0.9489,-0.382,-0.2755,-0.0985,0.1051,-0.503,-0.2119,-0.4047,-0.5769,-0.2623,0.6218,-0.3624,0.628,-0.3296,0.916,-0.692,0.0108
112,A,-0.4074,-1.1296,-0.1239,0.5667,2.0845,0.6044,-0.0802,-0.1033,-0.0366,0.6018,1.3951,-0.9492,-0.487,-0.606,0.0194,1.6441,-0.6185,-0.7026,-0.5058,-0.5183,-0.3466,-0.4113,-0.4714,-0.5521,-0.4229,-0.3262,-0.6427,-0.5394,-0.7305,-0.9841,0.4586,0.1225,-0.4358,-0.5935,1.3572,0.3269,-0.2617,-0.3272,-0.1588,-0.4541,-0.4143,1.1224,-1.2602,-1.1057,-0.6088,-0.7523,-0.5806,0.2005,-0.2271,-0.2803,-0.0028,0.6857,0.7898,0.1857,-0.4036,-0.2232,-0.1745,-0.5118,-0.3491,-0.4147,2.473,0.105,-0.5915,-0.4827,-0.5667,0.7651,-0.4628,0.5911,0.3103,0.0313,-0.6783,0.9489,-0.7192,-0.432,-0.8192,1.3839,-0.8166,-0.6435,-0.8382,0.1868,1.8295,0.9339,-0.333,-0.6206,-0.3589,-0.7377,-0.5912,-0.5711,-0.3939,-0.4021,-0.9699,-0.278,-0.8524,-0.0807,-0.414,-0.4369,-0.4289,-0.4282,-0.4628,0.0578,-0.526,-0.7225,0.7463,-0.5937,-0.5448,-0.6595,-0.3355,-0.497,-0.2767,-0.3064,0.2999,-0.1254,-0.4428,-0.4243,-0.3138,-0.7711,0.5907,-0.3542,-0.7243,-0.4853,-0.3234,-0.5142,0.7747,-0.7163,1.6929,0.4514,-0.4314,-0.2082,1.1926,2.0732,0.6074,-0.5476,-0.185,0.0173,-0.4135,-0.5878,-1.0046,-0.5981,-0.165,-0.382,-0.3112,-0.3969,-0.5079,0.1727,-0.2119,2.0364,-0.7535,-0.572,-0.4462,-0.304,-0.2346,0.1648,-0.4766,0.6596,-1.1217
113,A,0.0759,0.2816,-0.3798,1.2434,-1.2024,-0.8332,-1.4407,-1.8975,-1.682,-0.3009,-0.1744,0.4356,-1.0078,-1.2091,2.8609,-0.653,0.613,-0.3896,-0.5058,-0.7774,-0.3466,-0.4113,3.7712,-0.312,-1.0966,-1.3857,-0.7781,-0.5394,2.87,-0.7286,0.0357,-0.7961,1.0317,0.0412,-0.2604,-0.5925,0.1515,0.7178,0.7161,1.1179,0.3315,-0.3605,1.1164,0.6749,-0.6088,-0.7523,-1.3165,-0.9275,0.5712,0.2192,0.7513,0.3929,0.6788,-0.1794,-0.3666,-0.8586,-0.2523,-0.6381,-0.4681,-0.6305,-1.2677,0.384,-0.4353,-0.4348,1.0426,-0.6455,1.4245,1.3941,-0.9821,2.2017,-0.0713,-1.0962,-0.7192,-1.1851,-0.787,-1.2081,2.3757,-0.4775,1.9478,0.0479,-0.7953,-0.63,-0.412,-0.7879,-0.4964,-1.1501,-0.5912,-0.5711,-0.5016,-0.5641,-0.9699,-0.21,-1.1683,-0.4011,-0.4915,-0.3287,-0.932,-0.4282,1.4509,-0.441,-0.6777,-0.9923,-0.8943,-0.5937,-0.1396,-0.7463,-0.5032,0.3107,-0.476,1.4339,-0.8246,-0.7214,-0.493,0.5153,5.7186,-0.8984,-0.6989,-0.3854,-0.598,-0.4853,-0.2202,-0.6042,-0.253,-0.4499,-0.5255,-0.6545,-0.5243,-0.3293,-0.6857,-0.5071,-0.5252,-0.0177,-0.9696,-0.503,-0.4135,-0.3169,0.5454,-0.4486,-0.165,0.191,4.6903,0.6688,1.9441,-1.1787,1.4388,-0.5764,-0.5769,-0.1849,-0.4462,-0.1286,-0.4417,-0.824,-0.1981,-2.2943,-0.2789
114,A,-0.4794,1.3246,2.0725,-1.7754,-0.191,-1.7268,-0.4943,2.7951,3.5628,-1.2036,-2.6135,-0.9253,3.2885,2.124,-1.5611,-0.563,-0.3722,0.967,0,-0.0216,-0.3466,-0.0247,-0.4714,0.6481,2.6086,0.6691,0.3951,0.5695,-0.5377,0.5488,1.2621,-0.2507,-0.9694,-1.4886,0.2788,1.7717,1.529,1.2878,0.2787,0.8035,0.3315,-1.2078,1.3145,1.5651,-0.131,0.9284,0.1554,-0.9275,-1.5043,-1.6955,-1.846,-1.832,-2.3455,0.6724,1.483,2.1195,-0.0968,3.2775,2.3287,2.1743,-0.3325,1.7632,0.2208,-0.5066,-0.6905,-0.6455,-0.8403,-0.8643,1.8836,-0.3915,-0.9468,-0.9552,0.3612,2.6664,2.4003,-1.0254,-0.8679,-1.3981,-0.8129,-0.9249,-0.8742,-0.722,2.9851,4.3964,5.2771,0.2932,2.888,0.5462,4.2932,0.246,-0.4544,-0.278,1.8552,0.0261,2.5489,-0.2926,-0.8405,0.2645,-0.2376,-0.2985,0.0809,-0.8574,-0.9938,1.0043,-0.6462,0.6422,0.1677,-0.4692,0.7195,-0.3064,-0.8246,-0.6513,-0.5432,-0.4066,-0.3138,-0.7393,-0.6989,-0.4788,-0.0926,-0.1331,-0.3234,-0.5592,-0.332,-0.7163,-0.663,-0.6836,-0.71,-0.3495,-0.6857,-0.4582,-0.5252,-0.5476,-1.0568,0.0173,-0.4135,-0.2491,-0.9185,-0.5981,-0.5364,-0.382,-0.3112,-0.3969,-0.4204,0.8484,-0.2119,-0.8624,-0.9301,-0.572,-0.4889,-0.4794,-0.4072,-0.824,-0.4766,1.6733,0.6956
115,A,1.712,-0.6695,-0.4864,-0.1619,-1.4552,-1.2994,-1.559,-0.7013,-0.4479,-0.3009,-0.6622,0.7221,0.8366,1.3939,-0.1151,1.0264,0.8594,2.3235,0,-0.4535,-0.3466,-0.3146,1.6499,1.4882,-0.5913,-1.2091,-0.372,0.3231,0.4718,-0.388,-0.8946,-0.4516,1.5653,1.034,-0.6199,-0.8114,-0.675,-1.2773,-0.5962,-0.4541,-0.4143,0.7593,-0.336,-0.6111,-0.9273,-1.2326,-1.3165,-0.9275,-1.5842,-1.7787,-1.5528,-1.2757,-1.3743,1.1186,1.89,1.6827,2.3913,0.9197,1.1386,0.9877,-0.3325,0.4692,1.0643,-0.4348,-0.6905,-0.6455,-0.8403,-0.2621,-1.0242,1.6379,0.6757,-1.4841,1.0188,-0.1936,1.8959,-1.4241,1.6161,-1.0057,-0.0615,-0.7859,-0.9193,-0.7136,0.4044,-0.4534,0.2597,-0.9439,2.0694,0.5462,2.4076,-0.132,-0.798,0.3678,-0.4011,-0.1875,0.167,-0.1844,-0.8862,0.0126,4.0399,1.7859,0.2327,-1.0597,-0.9689,3.6012,-0.4435,0.7289,0.6709,1.9262,-0.3763,-0.1725,-1.1994,-0.6513,-0.5432,-0.1052,0.1056,-0.9303,-0.6989,-0.4165,1.1707,0.2192,0.7087,-0.5592,-0.332,-0.8495,-0.663,-0.6836,-0.6171,-0.3293,-0.6857,-0.4582,-0.5252,3.9566,-0.8388,0.5005,-0.3249,1.6814,0.3731,-0.5981,1.3203,0.191,-0.2933,-0.3543,0.1927,-0.8409,-0.3954,-0.9006,-0.4003,-0.572,-0.4035,-0.4209,-0.3726,-0.824,-0.4766,-0.8337,1.5252
116,B,-0.1836,2.0609,0.3452,-0.8906,-1.2024,-0.7166,1.2804,0.1728,-0.1394,-0.3009,-1.4045,2.8231,0.5545,-0.0663,-1.1071,-0.8847,-0.6185,-0.7026,-0.5058,-0.6047,0.6282,2.8748,1.6499,-0.5521,-0.0861,1.1561,-0.6427,-0.1698,-0.4734,-0.7286,-1.9941,1.5578,0.2979,-1.1468,-0.4761,-0.5925,1.529,3.1879,3.9238,4.262,3.3146,-2.0854,1.9086,1.6641,1.7803,1.4086,2.3631,2.4566,0.0124,0.1776,-0.5055,0.1295,0.2904,0.8347,-0.2557,-0.0247,-0.0968,-0.175,-0.2301,-0.3608,-1.2677,0.136,-0.529,-0.4587,-0.8143,0.1881,-0.1298,1.4944,0.8863,0.3414,-0.795,-1.202,-0.5313,-0.2318,1.2627,-0.6931,0.7949,0.111,-0.3148,-0.508,-0.6038,-0.2119,-0.333,-0.1189,-0.0153,0.2932,-0.3866,-0.5711,-0.0976,1.7042,0.7484,-0.244,-0.1304,-0.2943,-0.3559,0.6092,1.0803,-0.3338,0.3252,-0.5479,-0.526,1.5708,-0.0243,1.304,3.8117,-0.5727,-0.5032,-0.3856,-0.2767,0.6307,0.2999,2.9948,-0.2923,-0.4066,-0.214,-0.2936,0.2163,-0.2297,-0.3453,-0.4853,-0.3234,-0.4692,0.1423,-0.4943,-0.3707,0.1895,0.3117,-0.087,0.1193,-0.5071,-0.4497,-0.5476,1.7765,-0.503,5.1689,-0.0798,3.1287,-0.299,-0.5364,-0.382,-0.2576,-0.3543,-0.5079,-0.503,-0.2119,-0.481,-1.1067,-0.4946,-0.4889,-0.304,-0.4762,-0.3296,-0.7551,-0.1797,-1.3456
117,A,-0.143,0.435,0.3026,1.5036,1.5788,0.6821,0.6297,-0.3333,-0.5508,-0.3009,0.8012,-0.1374,-0.5738,-0.606,0.0026,1.5412,-0.6185,-0.7026,-0.5058,-0.5831,0.9531,-0.2663,-0.4714,-0.5521,-0.7597,-0.3262,-0.6427,-0.6626,-0.6084,-1.1544,1.0506,-0.1933,-0.5025,-0.8051,0.9259,1.2901,0.0138,-0.4222,-0.1588,0.4891,-0.4143,-0.3907,0.3242,0.2792,0.5061,0.4482,0.1554,1.3286,0.4914,0.7603,1.1702,0.4515,0.6788,-0.3822,-0.6626,-0.9777,-0.7188,-0.596,-0.6467,-0.6305,0.6027,-0.8093,-0.7165,-0.4108,-0.8143,-0.5172,3.7336,0.6915,0.5632,-0.476,-0.4799,0.2437,-0.5783,0.0066,-0.2611,-0.3109,-0.755,-0.5228,-0.6947,-0.9249,2.4829,0.3317,-0.3593,-0.4534,-0.2902,-0.7377,-0.3866,-0.5711,-0.4478,-0.186,-0.2826,-0.3119,-0.8073,-0.2943,-0.4721,-0.4008,1.0803,-0.4597,-0.4628,-0.1025,-0.6777,-0.8574,1.9146,-0.394,0.367,-0.486,-0.3355,-0.5249,-0.3763,-0.4403,0.2999,0.4355,-0.5432,-0.4243,-0.2939,-0.8029,0.6323,-0.4165,-0.598,-0.1331,-0.3234,-0.6042,-0.253,-0.7607,0.3344,0.5679,-0.6171,-0.087,2.1764,2.7703,0.3809,-0.5476,-0.0542,-0.057,-0.3249,-0.5201,-0.6602,-0.5981,-0.5364,-0.382,-0.2398,-0.3969,-0.4204,-0.9535,-0.3954,0.339,-1.1067,-0.5333,-0.1471,-0.2455,-0.0276,0.1648,-0.4766,0.5506,-0.911
118,B,-1.056,-0.1173,-0.4758,0.5147,-0.9495,-1.0663,-0.79,-0.6553,-0.6536,-0.3009,-0.5774,1.1757,-0.1398,-0.3838,0.692,-0.7496,1.1057,-0.1809,1.0116,-0.6478,-0.3466,-0.073,-0.4714,0.4081,-0.2545,-0.781,-0.372,0.4463,1.8734,-0.0473,1.0929,-1.5999,0.0978,0.0087,-1.1951,-0.3736,0.4959,1.2878,1.7367,1.1179,1.823,0.033,0.5223,0.2792,-0.768,-1.2326,-1.6844,-0.9275,-0.3867,-0.2803,-0.296,-0.134,0.0129,0.0234,0.3362,0.293,0.6808,-0.0487,0.127,-0.0911,-1.2677,0.0121,1.1268,-0.1713,0.7951,-0.6455,-0.5738,0.4907,-0.5185,-0.2224,0.4072,-0.4615,-0.2965,-0.2699,-0.4972,-0.9257,1.7598,0.9712,0.3268,0.5342,-0.6939,-0.7304,-0.254,-0.6206,-0.4277,-0.7377,-0.1819,-0.5711,-0.2592,-0.5101,-0.6262,0.2659,0.5917,-0.2943,0.4381,-0.2926,-0.932,1.3036,1.0006,-0.4945,0.0809,-0.3852,-1.0435,-0.344,-0.4435,-0.1388,-0.3355,3.5973,-0.3763,-0.0387,-0.8246,-0.6864,-0.493,2.0576,0.7648,-0.1981,-0.7405,-0.3854,-0.3453,0.5715,0.5022,0.5662,-0.253,0.1717,-0.6802,-0.7127,-0.6171,-0.3293,-0.6857,-0.5193,-0.5252,0.2473,-0.8824,-0.503,-0.4135,0.6653,1.4065,0.7476,-0.165,0.191,0.2068,0.9672,1.5063,-0.503,-0.0285,-0.8243,2.2487,0.0473,-0.4462,-0.3624,-0.4762,-0.824,-0.1981,-0.9427,0.9195
119,A,0.7005,-0.0866,-0.3372,-0.9426,0.5675,-0.2504,-0.1985,0.4488,0.6833,-0.3009,-0.3229,0.1491,0.4026,1.14,-1.0566,-0.6016,-0.3722,1.0713,1.5173,1.4253,-0.3466,-0.1697,-0.4714,0.288,0.5876,0.3106,1.117,0.0767,-0.5505,1.4856,0.3317,-0.6813,0.0978,1.2781,-0.9075,-0.9428,-0.8816,-0.8972,-0.742,-1.3974,-1.1601,0.1237,-0.534,0.0813,0.1876,0.4482,0.1554,0.2005,-0.3867,-0.4468,-0.5893,-0.5146,0.0129,1.1186,0.4472,0.4915,1.1473,-0.3855,-0.1706,-0.199,0.6027,-0.4683,-0.654,1.4809,0.6713,-0.6455,-0.7737,-1.0651,-0.6449,-1.0116,1.3177,-0.5673,1.3007,-0.308,-0.4865,1.0017,-0.2521,0.1865,0.8418,0.3258,-0.3109,-0.63,-0.3593,-0.1189,-0.2902,1.3242,0.0227,0.5462,-0.4478,-0.348,2.6385,-0.278,1.0429,-0.1875,-0.3365,-0.1844,-0.4746,0.5479,-0.5753,-0.5123,0.3844,1.9756,-0.5463,-0.5937,-0.4435,2.1174,-0.1677,-0.497,0.5202,-0.3064,0.2999,-0.4059,1.0129,-0.4243,-0.3338,2.9853,-0.6573,0.5798,0.539,-0.1331,-0.2202,3.6273,-0.332,1.6367,-0.5255,-0.5963,-0.2456,-0.3293,-0.6857,-0.5071,-0.5252,0.5122,0.1637,0.0173,0.6498,0.1573,-0.1435,0.5981,-0.165,-0.382,-0.2933,-0.3969,-0.5079,0.1727,-0.0285,-0.6336,1.1891,1.6342,0.3655,-0.4209,-0.3726,-0.824,0.6375,0.2672,1.0512
120,A,0.1204,0.2509,0.793,-0.7344,0.8203,0.5655,0.6888,2.059,0.4776,-1.2036,0.3983,-0.5433,-0.3351,0.0607,-1.0735,-0.904,-0.6185,-0.5983,0.5058,2.6994,-0.3466,0.072,-0.4714,-0.312,-0.2545,0.5514,0.1695,-0.293,-0.5441,0.5488,1.1775,-0.5378,-1.0361,-0.7074,0.0272,0.6334,1.3913,0.5278,0.1328,-0.7686,-0.4143,-0.2697,0.3242,-0.0176,0.1876,-0.032,0.1554,0.2005,-0.2271,-0.5716,-0.9663,-0.9537,-0.431,1.1186,1.2611,0.5709,1.536,-0.2592,-0.1111,-0.0372,0.6027,0.4382,0.502,0.2118,-0.5667,-0.6455,-0.7737,-0.0613,0.7317,-0.8425,-0.4565,0.3495,-0.5313,0.693,-0.1431,1.3507,0.0251,0.0205,-0.6019,1.507,-0.3335,-0.4878,-0.3593,-0.4534,-0.4277,-0.1191,-0.5912,-0.5711,-0.4208,-0.186,0.2329,-0.3119,0.5917,0.1329,-0.201,1.7275,1.4005,0.1386,-0.5753,-0.5123,-0.0708,2.8524,1.0694,-0.394,0.367,-0.5727,-0.3355,-0.4413,1.616,0.0952,3.2984,-0.0904,0.8623,-0.4066,-0.3338,1.3618,-0.6989,0.0816,-0.219,-0.1331,-0.2202,0.6112,1.0909,1.4592,-0.5083,-0.5672,-0.2456,-0.0467,-0.2385,-0.4949,-0.5252,-0.5476,0.4252,-0.503,0.1181,-0.6556,-0.3157,0.1495,-0.5364,-0.382,-0.3112,-0.3543,-0.5079,1.7493,0.5217,0.4153,1.1891,0.1247,-0.4462,-0.304,-0.4762,0.1648,-0.1981,0.834,-0.1077
121,A,0.1505,-1.958,-0.8489,-0.7865,-0.9495,-1.8045,-1.8548,-0.3793,0.5805,-1.2036,-1.3833,-0.3762,1.6828,0.6956,0.8265,-0.2863,0.1204,0.4452,0,-0.5399,-0.3466,-0.3146,-0.4714,0.5281,0.0823,-0.5777,-0.3269,0.5695,1.1469,0.0378,-2.4593,0.5244,1.0984,1.3107,-1.3748,-1.4244,-1.0882,-0.1372,0.1328,0.8035,1.823,1.9698,-2.1844,-1.2046,-1.8829,-1.2326,-1.6844,-0.9275,-0.5464,-0.0305,0.1229,-0.1047,-0.3755,-1.0312,-0.1077,0.293,-0.2523,0.4145,0.722,1.5271,-1.2677,-0.4451,0.3457,-0.1713,1.414,-0.5172,-0.7737,-1.1654,-1.0523,0.595,0.8858,-0.4263,1.5356,0.8836,-0.4006,-0.7927,-0.0365,-0.3115,1.1711,-0.369,-0.7841,-0.7053,1.4314,3.393,0.1909,-0.3253,1.66,3.8982,-0.1784,-0.348,-0.1107,-0.176,0.5917,0.1329,0.6705,-0.509,-0.8862,-0.1763,0.3252,-0.1916,1.9017,-0.5201,-0.9938,0.1054,-0.5448,0.2083,2.3482,0.5335,-0.5756,0.6307,-0.8246,-0.6513,-0.493,0.7458,0.4452,-0.2936,-0.6989,-0.4476,2.055,-0.1331,0.5022,-0.4242,-0.332,-0.2723,-0.663,-0.6836,-0.6171,-0.3293,-0.6857,-0.4704,-0.5252,1.0421,-0.926,-0.2428,-0.2363,4.7635,-0.488,-0.5981,0.2063,0.191,0.1532,0.754,2.0317,0.5105,-0.2119,-0.8434,0.1295,-0.5333,-0.4035,-0.4209,-0.3381,-0.824,0.0805,-1.2152,2.7894
122,B,-0.8116,0.2202,-0.1026,-0.3181,0.0618,0.9929,0.4522,-0.1953,0.0663,0.6018,0.9709,-0.2568,-0.6389,-0.0346,-0.7204,-0.3699,-0.3722,2.3235,0,2.2027,-0.6715,-0.3146,-0.4714,-0.072,0.0823,-0.1763,1.1621,-0.293,-0.4026,1.3152,1.4735,-1.6573,0.5648,1.2944,-0.584,-0.5487,-1.3637,-1.6573,-1.471,-1.7118,-0.4143,-0.1789,-0.7981,0.1803,0.9839,0.6883,1.2592,1.3286,0.4914,0.4273,-0.296,-0.1633,0.5401,-0.0983,0.1143,-0.3424,0.292,-0.596,-0.3491,-0.5226,1.5378,-0.0499,-0.654,1.9599,0.2999,-0.6455,-0.7737,-0.8643,-0.7573,-0.8425,1.131,-0.0384,-0.4374,-0.7656,-0.8299,1.2344,-0.6011,2.2539,0.7152,0.5342,-0.2433,-0.6049,-0.412,-0.4534,-0.4964,0.0871,-0.5912,-0.5711,-0.5286,-0.4561,0.4047,-0.3119,-0.2206,-0.2943,-0.4721,-0.2926,-0.5204,0.0756,-0.6879,-0.4945,-0.3743,1.4359,-0.4717,-0.8934,-0.2409,-0.3124,-0.3355,-0.497,0.0221,-0.5741,0.6747,-0.3358,3.9744,-0.4243,-0.3138,3.2718,-0.6989,2.5412,-0.4717,-0.1331,-0.3234,0.8363,-0.4111,1.7699,-0.5083,-0.5672,0.9618,-0.3495,-0.6857,-0.4949,-0.4497,0.2473,-0.4465,-0.0942,-0.1477,-0.4185,-0.488,2.9905,-0.165,-0.382,-0.3112,-0.3543,-0.5079,-0.503,-0.2119,-0.3857,1.8955,2.3697,2.5014,-0.1871,-0.0966,-0.824,1.1945,-0.038,-0.2921
123,A,-0.4796,1.6928,1.5607,-1.5672,-0.6967,-0.4835,-0.376,2.2431,2.1231,-1.2036,-1.2137,-1.3073,1.5743,2.2193,-1.2752,-0.8911,-0.1259,0.5496,0,2.4618,-0.3466,-0.0247,-0.4714,-0.192,1.4297,-0.0586,2.9669,-0.293,-0.4155,2.4223,1.7273,-0.5378,-1.503,-1.1631,0.3147,1.2026,1.3913,1.2878,-0.013,0.1747,-0.4143,-1.692,0.9844,1.9608,1.4617,1.1685,1.6272,1.3286,-1.7438,-1.9868,-2.0136,-2.0662,-2.7894,-0.0983,1.2981,2.4769,1.536,2.8985,3.4594,3.6307,-1.2677,0.8024,1.2518,-0.4587,-0.5667,1.9193,-0.8403,-0.4628,1.392,-0.3069,-0.69,-0.8141,0.69,2.5424,0.9837,-0.6266,0.0662,-1.1868,-0.8889,-0.508,-0.739,-0.722,1.5367,-0.2862,1.8405,1.5304,0.0227,0.5462,2.219,-0.078,0.7484,-0.108,3.0736,-0.1875,2.8394,0.1042,-0.5204,1.3666,-0.4628,-0.5123,0.6878,-0.3852,-0.2729,-0.1443,-0.6462,1.4232,-0.1677,0.06,4.3057,-0.4403,-0.4498,-0.5461,-0.4428,-0.4066,-0.3138,-0.2617,-0.6989,-0.292,0.0337,0.5715,-0.117,0.026,-0.332,0.0385,-0.6802,-0.6836,-0.6171,-0.3495,-0.6857,-0.5071,-0.5252,-0.8125,-0.8824,-0.503,-0.4135,-0.6217,-0.8324,-0.5981,-0.5364,-0.382,-0.3112,-0.3117,-0.5079,1.7493,0.3383,-0.8434,-0.5769,-0.4559,-0.4462,-0.4794,-0.4762,-0.824,-0.7551,1.8695,0.3532
124,B,-0.271,0.1588,-0.3052,-0.1099,-1.2024,0.4101,0.2156,0.4028,-0.2422,-0.3009,-0.0259,-0.1852,0.2507,0.2829,-0.6027,-0.8976,-0.1259,0.1322,0.5058,0.8854,-0.3466,-0.073,-0.4714,0.168,-0.2545,0.6798,0.8011,0.1999,-0.3962,1.3152,0.2049,-0.3942,-0.3024,1.0828,-0.6918,-0.5925,-0.6061,-0.8022,-1.6168,-1.3974,-1.1601,-0.1486,-0.2039,0.5759,-0.2902,0.9284,0.5233,0.2005,-0.5464,-0.4051,-0.6312,-0.661,-0.6807,1.3214,0.9281,0.7694,0.603,0.1198,0.0079,-0.0911,-0.3325,-0.6931,1.9079,0.8344,0.2999,-0.7096,-0.5738,-1.5669,-0.3218,-0.7861,1.0376,-0.4263,0.737,0.4546,0.1789,-0.0949,-0.0468,-0.4926,0.6392,-0.0216,-0.3109,-0.7053,-0.3066,-0.6206,-0.0153,0.4994,-0.1819,-0.5711,0.2257,0.4621,0.5766,-0.3119,1.8101,-0.1875,-0.3753,1.5111,0.3029,0.233,-0.5753,-0.5657,1.143,0.9638,-0.1237,0.1554,-0.1396,1.0761,-0.1677,-0.2742,2.1141,-0.3064,1.4243,-0.4059,0.1595,-0.4066,-0.3338,1.0116,-0.6573,-0.3231,0.539,-0.1331,-0.117,3.4922,-0.332,1.6811,-0.6458,-0.6836,-0.5243,-0.3293,-0.6857,-0.5193,-0.5252,1.3071,0.2509,-0.503,-0.2363,0.5299,1.4926,0.7476,-0.165,0.191,-0.3112,-0.1411,-0.4204,0.1727,-0.0285,-0.7099,0.8359,1.9826,-0.4462,-0.4209,-0.5107,-0.824,-0.1981,0.071,0.5903
125,B,-1.0733,0.4656,-0.6037,1.0352,-0.191,0.4101,0.393,-0.3793,-0.6536,0.6018,0.4831,-0.1135,-0.7908,-0.2885,0.0194,1.2516,-0.3722,0.5496,-0.5058,0.3023,-0.3466,-0.4113,-0.4714,0.168,-0.0861,-1.1717,3.3279,-0.0465,-0.4091,0.2082,1.3044,-2.461,1.4319,1.7664,-1.8422,-1.2055,-1.2949,-0.7072,-1.0336,-0.4541,-1.1601,-0.4513,0.4563,0.3781,0.3469,0.2081,-0.2126,-0.9275,2.2476,1.5095,1.2958,0.3344,0.2349,-1.3962,-1.4025,-1.0174,-0.952,-0.596,-0.5871,-0.7923,1.5378,-0.8093,-0.6852,4.4742,1.0426,-0.6455,-0.7959,0.039,-1.6142,-2.6182,2.3566,-0.3557,-0.5783,-1.1756,-1.0231,-0.7097,-1.0219,2.4802,2.8258,0.6732,-0.6376,-0.7053,-0.412,-0.7879,-0.4277,-0.7377,-0.7959,-0.5711,-0.5286,-0.4561,0.0611,-0.278,-0.8975,-0.4011,-0.4915,-0.509,-0.8862,-0.2393,-0.5753,-0.2272,-0.2225,-0.2503,-0.9689,-0.8934,-0.7475,-0.486,-0.1677,-0.497,-0.5756,-0.4403,-0.8246,-0.5812,1.8662,-0.4243,-0.3138,0.3113,-0.6989,5.281,-0.7243,0.2192,-0.2202,0.5212,-0.4111,-0.0059,-0.6458,-0.6545,0.9618,-0.3495,-0.7752,-0.5071,-0.5252,-0.8125,-0.8388,0.4633,-0.0591,-0.2491,-0.5741,-0.1495,-0.165,0.191,-0.2576,-0.3543,-0.4204,-0.8409,-0.0285,-0.7862,1.0125,2.6019,5.3208,0.1052,5.4586,-0.824,2.5871,-0.6266,0.2874
126,A,-0.934,-1.5591,-3.0667,-1.307,0.0618,0.7987,0.9846,0.1268,-0.7564,0.6018,0.1862,1.6532,-0.1832,-0.7647,-0.9558,-0.904,-0.8648,-0.7026,0,-0.5183,5.8267,2.4399,1.6499,-0.5521,0.756,1.0651,0.3951,-0.293,-0.6984,0.7191,-1.6981,2.1606,-0.9027,-0.2029,2.1122,-0.3298,-0.9505,-1.1823,-0.5962,-0.1397,-0.4143,1.6066,-1.8544,-1.8971,-0.4495,-0.2721,0.1554,-0.9275,-0.1073,0.5522,0.5418,1.3005,0.6234,0.1046,-0.5886,-0.8983,-1.4185,-0.3855,-0.5871,-0.6305,-0.3325,-4.1333,-0.7165,-0.4827,-0.8143,-0.5172,-0.7071,-1.5167,0.7317,1.3561,-1.2269,1.7246,-0.5783,-0.2222,-0.5938,0.6362,-0.6832,-0.1606,-0.948,0.5342,-0.2208,2.1716,-0.412,-0.2862,-0.4277,-0.5315,-0.5912,-0.5711,-0.5824,-0.4561,0.0611,-0.3119,-0.0852,-0.2943,-0.5108,-0.473,0.1199,-0.4912,-0.5753,-0.5479,-0.6777,2.3803,1.1192,-0.344,0.1644,-0.6595,-0.3355,-0.497,-0.3763,-0.3064,0.2999,-0.2306,-0.2923,-0.4243,-0.2739,-0.0707,0.5907,-0.2297,-0.3453,-0.4853,-0.3234,-0.2891,0.6166,0.1717,-0.4223,-0.4508,0.5903,6.1923,-0.5068,-0.5071,-0.5252,-0.2826,1.2098,-0.503,-0.3249,-0.6217,-0.6602,-0.4486,-0.5364,-0.382,-0.2755,-0.3969,-0.5079,-0.6157,-0.0285,0.9303,0.3061,-0.5333,-0.4889,0.2806,-0.4762,0.6592,-0.7551,0.5942,-1.3324
127,A,0.0812,-0.9149,-0.1559,1.2434,0.3146,1.3426,-0.4351,0.4028,0.272,1.5045,0.5892,-1.6177,-0.5087,0.1559,0.4902,-0.8461,-0.3722,-0.4939,-0.5058,-0.5615,0.3032,-0.3146,-0.4714,-0.072,-0.0861,1.3434,-0.2818,0.1999,-0.4605,-0.5583,-0.3872,1.0698,-0.9027,-0.1215,0.3866,-0.0234,0.2204,-0.1372,-0.4504,-0.4541,-0.4143,0.9408,-1.3922,-0.9079,-0.131,0.4482,-0.5806,0.2005,-0.267,-0.3635,0.1648,0.2758,1.65,-0.0171,-0.5146,-0.6203,0.0587,-0.6381,-0.4086,-0.3068,0.6027,0.3065,-0.654,-0.315,-0.5667,-0.1325,-0.5294,-0.6636,0.5912,-0.1096,-0.2348,0.1379,-0.5783,0.0828,-0.4972,0.5697,-0.0673,0.3223,-0.2895,-0.7859,0.0383,0.3819,-0.3593,-0.7879,-0.4277,-0.7377,-0.5912,-0.5711,-0.5016,-0.4561,1.7793,-0.3119,-0.4914,-0.2943,-0.4915,-0.473,0.2571,-0.3968,-0.5753,-0.5301,-0.3743,0.8289,2.014,-0.5438,-0.0383,-0.3992,-0.5032,-0.4413,-0.0775,-0.4403,1.0495,1.8379,-0.3425,-0.4243,-0.2339,-0.1344,1.9218,-0.292,-0.598,-0.4853,-0.3234,0.116,-0.332,0.1273,0.472,0.597,-0.3385,-0.087,1.9976,-0.4949,0.1544,-0.2826,1.6893,-0.4286,2.6878,-0.4523,0.3731,0.4486,-0.5364,-0.382,-0.2933,-0.3117,-0.4204,0.3979,-0.2119,0.7205,-0.4003,0.4344,-0.4462,-0.3624,-0.4762,0.6592,-0.7551,0.8776,0.0372
128,A,0.7827,0.7724,0.1,-0.214,0.0618,0.0604,0.1564,-0.7013,-1.065,0.6018,0.8012,0.4833,-0.5738,-0.7647,-0.031,1.3352,-0.6185,-0.4939,0,-0.5399,-0.3466,-0.218,-0.4714,-0.192,-0.5913,-1.4713,1.478,-0.6626,0.5232,-0.0473,-0.0912,-0.8822,0.6982,0.562,-0.584,-0.5487,-0.2617,-0.4222,-0.1588,0.1747,-0.4143,-0.8144,1.0504,0.5759,0.5061,0.2081,-0.2126,0.2005,0.8506,0.7187,0.458,0.5979,0.8731,-0.4633,-0.8846,-0.8983,-0.7188,-0.596,-0.5871,-0.6844,-0.3325,0.6009,-0.1541,0.0921,2.4044,-0.6455,-0.8181,0.7416,-1.1366,-0.8143,1.166,-0.4615,-0.5783,-0.9754,-0.8192,-0.2278,1.1029,0.9561,1.0866,-0.0216,-0.1532,-0.6969,-0.3856,-0.4534,-0.3589,-0.1191,-0.5912,0.5462,-0.5555,-0.4021,0.2329,-0.3119,-0.356,-0.2943,-0.4334,-0.4369,-0.6576,0.1071,-0.5753,2.1957,-0.526,0.5591,-0.8695,-0.7435,-0.0383,-0.5727,-0.3355,-0.2463,-0.476,-0.4403,-0.4498,-0.5812,2.8701,-0.1406,0.2255,0.4386,-0.6989,0.175,-0.4717,-0.1331,-0.2202,-0.1991,-0.4111,1.5036,-0.663,-0.6545,0.3117,-0.3293,-0.6857,-0.3481,-0.5252,-0.0177,-0.3594,0.9093,-0.4135,-0.3846,-0.0574,2.9905,5.4049,-0.382,0.4747,-0.0559,-0.4204,-0.2778,-0.2119,-0.4429,0.3061,-0.0301,1.4334,-0.1871,2.0082,-0.824,1.473,-0.7901,1.275
129,A,2.1488,0.0975,-0.0386,-1.0467,0.0618,0.0993,-0.1985,1.1389,0.9918,-0.3009,-0.9804,0.4117,0.5545,1.2352,-1.1743,-0.8589,-0.3722,0.6539,0.5058,1.5764,-0.3466,-0.073,-0.4714,-0.072,0.9244,0.5139,1.4328,0.1999,-0.6019,1.4856,-0.4295,0.5244,-0.5692,0.7899,0.135,-0.7677,-0.7439,-1.0872,-1.1794,-1.3974,-1.1601,-0.0578,-0.468,-0.0176,0.5061,0.6883,0.5233,1.3286,-1.0254,-0.7381,-0.9244,-1.0123,-0.2923,1.6865,0.9281,0.8489,2.0803,-0.2592,0.0079,0.0168,0.6027,-0.2127,-0.4978,0.7147,0.6713,-0.5813,-0.6404,-1.7175,0.0715,-0.2787,0.4773,-0.1442,2.2402,0.0733,0.2111,0.7525,-0.0673,0.0959,-0.1122,0.3258,-0.4574,-0.5882,-0.412,-0.4534,-0.2215,3.386,0.6367,0.5462,-0.0706,0.7321,2.6385,-0.278,1.9906,-0.0807,-0.414,0.2485,0.0285,0.5479,-0.5753,-0.5479,0.3844,1.0987,-0.248,-0.0943,-0.4435,3.9398,-0.3355,-0.497,2.6122,-0.3064,2.1739,-0.0553,0.4607,-0.4243,-0.3138,2.0303,-0.6157,0.3618,0.539,-0.1331,-0.3234,2.0967,-0.253,1.0152,-0.4911,-0.5672,-0.0599,-0.3293,-0.5068,-0.5071,-0.5252,-0.0177,0.6868,-0.3543,-0.1477,-0.3507,-0.0574,0,-0.165,-0.382,-0.3112,-0.3969,-0.5079,1.5241,0.1549,-0.5764,1.3657,0.5892,-0.2753,-0.3624,-0.4762,-0.3296,-0.1981,0.6814,-0.1209
130,B,-0.4327,-0.8535,-1.7446,-0.3701,-0.6967,-0.9886,-1.4407,-0.7013,-0.3451,-0.3009,-0.641,-0.6388,-0.0747,0.3146,1.5663,-0.2927,2.0909,0.3409,1.5173,2.0515,-0.3466,-0.363,-0.4714,0.288,-0.4229,-1.2894,-0.1013,1.1855,1.1083,0.5488,-1.529,-1.1406,2.9661,2.5964,-2.5611,-2.2563,-1.777,-0.8972,-0.742,-0.4541,-0.4143,0.8198,-0.0719,-1.0068,-1.2458,-1.4727,-1.3165,-0.9275,2.4073,0.7603,0.6256,0.0709,-0.6252,-1.4774,-0.7736,-0.3027,-0.2523,-0.2171,-0.1706,-0.199,-0.3325,-1.9405,0.3145,3.229,1.5378,-0.7096,-0.8181,-0.3625,-2.2745,-2.3082,2.9869,-0.8141,0.9719,-0.6322,-0.8192,-0.7263,-0.4368,0.111,2.4121,1.2291,-0.1983,-0.7387,-0.2276,-0.1189,-0.2902,0.0871,-0.5912,0.5462,-0.4478,-0.5641,1.2639,-0.278,-0.2206,-0.2943,-0.3172,-0.3647,-0.749,-0.1134,-0.5753,-0.4054,2.0534,0.4242,-0.944,-0.8434,-0.6462,1.3364,1.5096,0.1436,-0.476,-0.4403,-0.4498,-0.6513,0.2097,0.3912,-0.2539,0.2476,-0.6989,-0.3854,-0.4717,0.5715,-0.2202,2.0967,-0.332,2.2139,-0.6974,-0.7127,-0.4314,-0.3495,-0.6857,-0.5193,-0.5252,-0.2826,-0.0978,0.0917,2.0675,0.2589,1.4926,1.3457,2.0629,0.764,-0.2755,4.9316,0.4554,-0.8409,-0.2119,-0.7862,1.0125,3.8792,0.28,-0.4794,-0.4417,-0.824,4.8151,-1.6403,0.6429
131,A,-0.5824,0.0361,1.742,-1.2029,-1.4552,0.7987,1.7536,1.0469,0.1691,0.6018,-0.3016,0.2685,0.3809,-0.1615,-1.4602,-0.8783,1.8446,-0.2852,-0.5058,-0.4319,-0.0217,5.0494,-0.4714,-0.312,0.9244,0.5086,1.9292,-0.1698,-0.7048,1.4856,0.9661,-0.1359,-1.4363,-0.9353,0.8899,1.2464,0.8403,0.0528,-0.5962,-1.083,-0.4143,0.0027,-0.1379,0.0813,-0.131,0.2081,0.5233,-0.9275,-1.2249,-1.4457,-1.2176,-1.1001,0.1794,2.2138,1.2241,0.8489,0.6808,0.2461,0.0674,0.0707,-1.2677,1.0891,0.0958,-0.3869,-0.4429,-0.2607,0.2921,-2.2193,1.6167,-0.476,-0.5733,-0.4615,-0.0146,1.4175,1.3164,0.1211,-0.4471,-0.1757,-0.8298,-0.1606,-0.5137,-0.6551,-0.3593,0.2155,0.0535,0.2932,0.4321,-0.5711,0.7375,2.4603,0.0611,-0.278,1.9455,-0.0807,-0.3753,4.5052,0.1199,-0.2078,0.3252,-0.5479,-0.3743,1.5034,0.3486,2.2029,0.4683,-0.0521,-0.3355,-0.4692,0.8191,0.7645,0.2999,-0.1605,0.2599,-0.4243,-0.3338,1.2981,-0.4909,0.4552,0.2864,-0.4853,-0.3234,-0.1991,-0.332,0.3493,-0.6286,-0.6254,0.1259,-0.2688,-0.6857,-0.5193,-0.5252,0.5122,-0.0542,-0.4658,-0.4135,-0.2153,-0.2296,0,-0.5364,-0.382,-0.3112,-0.3969,-0.5079,1.1863,-0.2119,-0.8052,0.8359,-0.3785,-0.4889,-0.0117,-0.4762,-0.824,-0.7551,0.8013,0.3796
132,C,-1.2228,0.9565,0.1959,0.0983,0.5675,-0.0561,0.5114,0.1268,0.272,0.6018,0.6316,0.0536,-0.1615,-0.4155,-0.4682,0.3636,-0.6185,-0.5983,-0.5058,-0.5399,-0.0217,-0.4596,-0.4714,-0.5521,-1.0966,0.7922,-0.8683,-0.6626,-0.7305,-1.0692,0.4586,-0.4229,-0.0356,-0.2029,-0.1166,0.3269,0.9092,-0.2322,-0.1588,-0.4541,1.823,-1.0868,0.5883,0.8727,1.621,0.6883,1.2592,1.3286,1.2099,0.136,0.8769,0.5393,-0.6807,0.064,-0.4406,-0.4615,0.2142,-0.5118,-0.4086,-0.5226,1.5378,0.4227,-0.7165,-0.2192,-0.1953,-0.1325,1.3357,0.4405,0.1417,-0.0532,-0.5266,1.1252,-0.6253,-0.3748,0.372,1.035,-0.3855,-0.4021,-0.1544,-0.1606,0.5227,-0.0279,-0.4383,0.3828,-0.4277,2.3551,-0.3866,-0.5711,-0.6094,0.4081,3.154,-0.3119,0.2758,-0.4011,-0.4915,-0.0762,1.3547,-0.4912,-0.5753,-0.2629,-0.6777,-0.1154,0.0751,0.1054,0.8736,-0.5727,-0.5032,-0.5249,-0.476,-0.5741,1.0495,0.8913,-0.1919,-0.4243,-0.3138,1.3936,0.4243,-0.3854,-0.4717,-0.4853,-0.3234,0.1611,-0.4111,-0.0503,-0.1987,0.1022,0.3117,0.0947,0.1193,0.3734,-0.0721,0.2473,0.5996,-0.1685,0.0295,-0.3169,1.062,-0.7476,-0.5364,-0.382,-0.3112,-0.3969,-0.5079,0.7358,-0.3954,0.3009,0.4827,-0.4946,0.3655,0.3975,0.9385,1.648,0.359,0.2236,-0.6213
133,A,-0.2191,-0.1173,0.3239,-1.2549,1.326,1.498,0.6297,-0.2413,0.1691,2.4071,0.4619,-0.5433,-1.1597,-0.8917,0.7929,-0.5243,-0.8648,-0.807,-0.5058,-0.7126,0.3032,-0.4113,-0.4714,-0.5521,-0.7597,1.6056,-0.8683,-0.6626,-0.7691,-0.9841,-0.7678,1.4429,-0.7693,-1.1468,0.7821,1.9469,0.4959,0.3378,0.1328,-0.1397,-0.4143,0.154,-0.1379,0.1803,-0.2902,-0.2721,0.5233,0.2005,0.691,0.9684,1.1283,0.9492,0.4569,-0.3822,-1.2175,-0.8586,-1.1075,-0.4697,-0.5871,-0.6844,0.6027,-0.3676,-0.7165,-0.4587,-0.8143,0.4445,0.7362,0.3903,1.0408,0.0595,-1.2153,1.1252,-0.7662,-0.575,-0.7548,1.1014,-1.0116,-0.6737,-0.8973,-0.0911,0.1735,2.6817,-0.412,-0.1189,-0.3589,-0.5315,-0.5912,-0.5711,-0.5016,-0.4561,-0.4544,-0.3119,-0.8975,-0.1875,-0.4527,-0.5451,0.1199,-0.4597,-0.5753,-0.441,-0.6777,-0.5201,0.5226,-0.7935,-0.6462,-0.6595,-0.5032,-0.5249,-0.5756,-0.3064,-0.4498,0.3303,-0.3926,-0.4243,-0.3138,-0.4846,2.1298,-0.3231,-0.7243,-0.4853,-0.3234,-0.5592,0.2213,-0.8051,2.57,2.576,0.033,0.4581,0.5665,-0.2992,4.6847,-0.8125,-0.2286,-0.3915,-0.4135,-0.7233,-0.7463,-0.5981,-0.5364,-0.382,-0.2755,-0.3969,-0.5079,-0.7283,-0.3954,1.7313,-0.2237,-0.4946,-0.4035,0.3975,-0.2346,2.1425,-0.4766,0.7141,-1.0163
134,B,-0.8903,-1.5898,-1.2648,0.6188,-1.2024,-1.5325,-1.0267,-0.2413,-0.2422,-1.2036,-0.9804,0.6505,1.097,0.2829,0.0867,-0.7624,3.3225,2.0105,5.5636,-0.2591,-0.3466,-0.1697,1.6499,4.3685,3.7875,-0.8988,0.3951,1.3087,0.999,1.9965,-0.8946,-1.1406,2.0322,1.0828,-1.231,-0.8552,-0.8127,-0.8022,0.4245,0.1747,0.3315,1.5158,-0.6,-2.1938,-1.7236,-1.7128,-0.9485,-0.9275,-0.1872,-0.4051,-0.4217,-0.9244,-0.4032,-0.2605,0.4102,0.4121,0.4475,0.5408,0.841,0.9877,-0.3325,-0.7008,2.314,-0.3629,0.5475,-0.6455,-0.8181,-0.1617,-1.2911,0.3132,0.8508,-0.0737,1.7235,0.8836,-0.3899,-1.1084,1.3595,-0.1003,0.1411,-0.1606,-0.9305,-0.7387,0.5887,-0.4534,-0.2902,-0.9439,0.2274,2.7809,-0.34,-0.6181,-0.9699,1.4215,-0.2657,-0.1875,2.1035,-0.5812,-0.932,1.2407,-0.2376,-0.4589,3.5707,-0.9248,-1.0186,-0.4938,-0.7475,0.1215,1.845,2.9289,-0.476,-0.3064,-1.1994,-0.6864,-0.5432,1.189,-0.194,-0.4846,-0.7405,-0.4165,3.0657,5.1509,5.8688,-0.5142,-0.4111,-0.7163,-0.6974,-0.6836,-0.6171,-0.3293,-0.7752,-0.5071,-0.5252,0.2473,-1.2747,-0.503,-0.4135,1.8508,-0.488,-0.7476,-0.165,5.3482,-0.2398,0.4983,2.1193,-0.2778,-0.0285,-0.8815,0.6593,-0.572,-0.4462,-0.4209,-0.4417,-0.824,0.0805,-0.9318,1.4199
135,B,0.1479,1.0792,0.4625,0.0463,-0.4439,-0.6001,-0.6717,-0.0573,0.272,-1.2036,0.3771,-1.0447,-0.1832,0.7908,0.4398,-0.505,-0.3722,1.28,0,2.4186,-0.6715,-0.2663,-0.4714,0.288,1.9349,-1.3964,0.3048,-0.293,1.2626,0.9746,0.67,-1.0545,0.0978,-0.5935,-1.1951,0.3707,1.5979,1.9528,1.7367,0.4891,0.3315,-1.1473,1.5786,1.4662,0.1876,-0.032,-0.9485,-0.9275,-1.3846,-1.8203,-1.6784,-1.8027,-1.5963,1.6054,2.1489,1.8018,2.0025,1.0881,1.0196,1.1495,-0.3325,1.2053,-0.4665,0.7147,-0.0715,-0.7096,-0.8403,1.3439,-0.1252,1.046,-0.2814,-1.343,-0.0146,0.6453,-0.4865,-1.042,2.2525,1.5446,-0.8551,-0.5775,-0.9643,-0.7304,0.852,-0.2862,0.1909,0.7056,-0.3866,1.6636,0.1449,-0.348,-0.9699,-0.142,0.366,-0.0807,1.5226,-0.3647,-0.932,5.7436,-0.4628,0.2181,0.2327,-0.3852,-1.0186,-0.4439,-0.6462,-0.486,-0.1677,2.0097,-0.3763,-0.4403,-0.8246,-0.7214,-0.5432,3.0327,-0.2539,-0.5164,-0.6989,-0.4165,0.7917,3.0373,-0.2202,-0.5142,-0.332,-0.8938,-0.6974,-0.6836,-0.71,-0.3293,-0.7752,-0.5071,-0.5252,-0.5476,-1.0568,-0.28,-0.5021,-0.5878,-0.3157,-0.7476,0.9489,0.191,-0.3112,-0.0559,-0.4204,0.1727,0.3383,-0.9197,-0.9301,-0.572,-0.4035,-0.4794,-0.4762,-0.824,-0.4766,0.2781,0.6693
136,B,-0.1759,0.2509,1.4008,-0.5783,-1.2024,-1.8822,-1.0858,1.3229,2.843,-1.2036,-1.9348,-1.4506,2.4206,3.7748,-1.0903,-0.6595,1.352,2.3235,0.5058,0.0648,-0.3466,0.0236,-0.4714,2.6883,0.9244,-0.064,0.4402,2.7872,0.041,1.5707,0.078,-0.0211,-0.169,-1.1794,-0.0447,1.6842,1.7357,0.7178,-0.1588,0.1747,0.3315,-0.1789,0.3902,-0.0176,-0.131,-0.2721,-0.2126,-0.9275,-2.2627,-2.4447,-2.4325,-2.3589,-2.9281,-0.1794,2.1119,2.7945,1.536,3.6985,3.8164,3.307,-1.2677,1.2828,1.1268,-0.2432,-0.8143,-0.7096,-0.8403,0.29,0.9846,0.0595,-0.5149,-1.4488,1.3007,3.1907,1.9818,-1.4241,-0.9603,-1.383,-0.796,-0.9249,-0.9756,-0.722,4.9337,-0.2862,0.8783,-0.9439,2.274,1.6636,1.6533,-0.4561,-0.9699,4.0047,-0.717,0.0261,3.8851,-0.5812,-0.8862,-0.1448,0.888,-0.3698,1.4465,-1.1946,-0.9938,1.4538,-0.7475,0.9025,1.3418,0.06,-0.5756,-0.4403,-1.1994,-0.6864,-0.5432,-0.3356,-0.3138,-0.9939,-0.6989,-0.4165,1.0444,0.2192,0.5022,-0.6492,-0.332,-0.9382,-0.6802,-0.6836,-0.71,-0.3495,-0.7752,-0.4949,-0.5252,-0.2826,-1.1875,-0.4286,-0.3249,0.2928,-1.0046,-0.7476,-0.5364,0.191,-0.2933,-0.3543,-0.4204,-0.7283,-0.2119,-0.9197,-0.9301,-0.6107,-0.4462,-0.4794,-0.4762,-0.824,-0.7551,1.161,-0.4896
137,A,2.9063,1.4473,0.8357,-0.4742,-0.191,-0.5224,0.5114,1.553,0.889,-0.3009,-1.2349,-0.1374,1.6394,0.4733,-0.8717,0.28,-0.3722,-0.3896,-0.5058,0.0216,-0.0217,-0.073,-0.4714,-0.192,0.0823,0.2143,0.0792,-0.0465,-0.4862,0.0378,1.0929,0.1225,-0.7026,-0.5935,1.3932,0.5896,-0.3306,-0.5172,-0.4504,-0.4541,-0.4143,-1.3894,0.6543,1.4662,1.621,1.8889,1.2592,1.3286,-0.5464,-0.53,-0.3379,-0.3389,-0.5142,0.5913,0.4842,0.7297,0.3698,0.4566,0.1865,0.1247,-0.3325,0.6629,-0.4665,-0.4108,-0.6905,-0.6455,0.4031,-1.4164,1.2374,0.0313,-0.4215,-0.8141,1.1598,0.426,2.6257,-0.8426,-0.2213,-0.7341,-0.7032,-0.8554,-0.356,-0.5547,-0.096,0.8845,2.5278,0.7056,3.2974,0.5462,1.4109,4.2426,0.4047,-0.278,0.4112,-0.1875,-0.2591,0.6814,0.8517,-0.4282,1.3383,0.4141,-0.3743,-0.7899,0.3983,2.3028,0.367,0.5554,-0.3355,-0.497,1.616,-0.1725,-0.075,0.0148,-0.5432,-0.4066,-0.2939,-0.6756,-0.4493,-0.4165,2.5604,-0.1331,-0.2202,-0.5592,-0.332,-0.8051,-0.5083,-0.4508,-0.6171,-0.3293,0.9242,0.0432,-0.4497,1.572,-0.0542,0.0173,-0.2363,-0.1475,-0.4018,-0.5981,-0.165,-0.382,-0.2933,-0.3543,-0.4204,0.8484,-0.2119,-0.6717,-0.9301,-0.5333,-0.3607,-0.4209,-0.3381,-0.3296,-0.4766,0.8558,-0.0155
138,A,-0.4985,-1.5898,-1.7766,0.5147,-1.2024,-1.7268,-1.4999,-0.7473,-0.3451,-1.2036,-1.9348,0.7698,1.6828,1.013,0.3221,-0.8589,2.5835,2.6366,0.5058,-0.2159,-0.0217,0.0236,1.6499,2.6883,0.0823,-0.8131,-0.011,5.0049,1.1662,0.9746,-1.3598,-0.71,1.8988,1.3758,-1.5546,-1.6433,-0.9505,-0.0422,0.2787,0.8035,1.0772,1.5158,-0.9961,-1.4025,-2.0422,-1.4727,-1.3165,-2.0556,-0.746,-1.0295,-1.0501,-0.7195,-0.6252,0.3074,1.0021,0.8489,0.5253,0.8776,0.722,0.9337,-1.2677,-1.3749,2.7514,-0.4587,1.2902,-0.6455,-0.6182,-0.513,-1.3895,1.046,0.9909,-0.9904,3.7904,0.0828,1.0267,-1.2081,-0.1391,0.5788,0.2762,-0.2996,-0.9193,-0.7304,0.4044,0.0483,0.1222,-0.7377,1.2507,1.6636,-0.1514,-0.4561,-0.798,4.7524,-0.6719,0.0261,0.6705,-0.5451,-0.8862,0.1386,0.3252,-0.5301,2.9638,-0.9923,-0.9938,0.0055,-0.7475,2.4645,5.0319,0.9235,-0.3763,-0.0387,-0.8246,-0.6864,-0.493,1.8094,-0.154,-0.6756,-0.6989,-0.3854,2.8131,1.276,2.2567,-0.3791,-0.253,-0.6719,-0.6974,-0.6836,-0.6171,-0.3091,-0.7752,-0.5193,-0.5252,0.7772,-0.9696,-0.4658,1.0042,1.8169,0.0287,-0.5981,-0.165,2.4831,-0.1326,1.0098,0.8057,-0.7283,0.1549,-0.8624,-0.0471,-0.5333,-0.4889,-0.4209,-0.4762,-0.824,-0.7551,-1.1607,3.1713
139,C,-1.1037,-0.3627,-1.0302,0.4106,-0.9495,-0.0561,-0.1393,-0.7934,-1.1678,-1.2036,0.3134,1.6055,-0.3351,-0.5425,-0.3841,1.3417,0.613,-0.7026,0,-0.3455,-0.6715,-0.2663,1.6499,-0.4321,-0.2545,-0.5991,-0.2818,-0.6626,-0.3319,-0.2176,-0.4295,-0.4803,0.965,1.6687,-0.4761,-1.5995,-1.5015,-1.6573,-1.6168,-1.083,-1.1601,0.2751,0.1922,-1.2046,0.3469,-0.5122,-0.2126,0.2005,0.0124,0.3025,0.7094,1.1248,0.9008,-0.6256,-0.6996,-0.938,-0.4855,-0.5539,-0.6467,-0.5226,-0.3325,-0.0809,0.0958,-0.0277,-0.0715,-0.6455,-0.8625,-0.5632,-1.3754,-0.4197,1.4228,-0.0384,-0.0616,-0.9754,-0.8084,0.0048,0.1585,1.0013,1.3568,-0.369,0.2749,-0.7053,-0.3856,-0.6206,-0.4277,-0.9439,-0.3866,-0.5711,-0.5016,-0.5101,-0.4544,-0.278,-0.5365,-0.2943,-0.3365,-0.4369,-0.8862,-0.3653,-0.3502,1.3227,0.0809,0.3567,-0.9938,-0.4938,0.6709,0.295,-0.1677,-0.4692,-0.3763,-0.1725,0.2999,-0.6163,2.7697,-0.4066,-0.2939,1.2663,-0.7405,-0.2608,-0.4717,-0.1331,-0.2202,0.5662,-0.332,3.6346,-0.6802,-0.6254,-0.4314,-0.3293,-0.6857,-0.397,-0.5252,-0.0177,1.3842,5.5921,-0.2363,0.3944,0.3731,3.5886,0.5776,-0.382,-0.2933,-0.3543,-0.2452,-0.6157,-0.3954,-0.6145,-0.2237,-0.3398,0.3655,-0.4209,0.5935,-0.824,0.359,-0.9536,-0.1604
140,A,0.3982,2.3063,1.5607,-0.6304,0.0618,1.5369,0.3339,0.9549,0.3748,0.6018,0.3558,-1.6416,0.2724,0.0607,-0.1655,-0.756,-0.6185,-0.5983,0,0.3455,-0.3466,-0.1697,-0.4714,-0.5521,0.4192,0.9099,0.3499,-0.293,-0.4219,0.4636,1.3044,0.5818,-1.3029,-1.4561,1.4291,1.2901,0.6337,0.8128,0.7161,-0.1397,-0.4143,-2.267,1.3805,1.9608,2.4173,2.6092,2.3631,1.3286,-1.0254,-1.1127,-1.2176,-1.2172,-0.3755,1.4837,1.9639,0.6503,1.4583,0.3303,0.0674,0.2325,-0.3325,0.8101,-0.5603,-0.2911,-0.4429,1.0857,0.3143,-0.3625,1.7151,-0.0532,-0.8884,-1.0962,-0.6253,1.0934,1.7027,-0.5435,0.4254,-0.6435,-0.8382,-0.647,-0.6714,-0.4878,-0.0696,0.55,0.7408,2.1489,-0.1819,-0.5711,1.1954,2.8924,-0.798,-0.278,0.366,-0.2943,-0.2397,2.3768,1.9035,-0.2393,-0.4628,-0.3698,-0.6777,-0.1829,1.4672,0.5049,0.5696,-0.5727,-0.3355,-0.4413,0.1218,-0.3064,-0.075,4.0116,-0.3926,-0.3888,-0.214,-0.2299,-0.2413,-0.3231,-0.4717,-0.4853,-0.3234,-0.1541,-0.332,-0.4055,-0.4567,-0.3344,-0.1527,-0.289,0.2981,-0.4582,-0.4497,-0.8125,-0.2286,-0.3543,-0.1477,-0.6894,-0.5741,0.1495,-0.165,-0.382,-0.2755,-0.3543,-0.5079,0.8484,-0.2119,-0.5764,-0.4003,-0.4172,-0.3607,-0.4209,-0.4417,-0.3296,-0.4766,1.2373,-0.8056
141,B,-0.7409,-0.7615,-1.8832,1.4515,-1.2024,-1.3771,-2.0323,-1.8975,-1.065,-1.2036,-0.747,1.7487,-0.4436,-0.6377,1.8185,-0.8976,1.8446,-0.5983,-0.5058,-0.7126,-0.3466,-0.2663,1.6499,-0.4321,-0.7597,-1.482,-0.6427,-0.293,3.1143,-0.6434,-1.825,0.4095,0.2312,0.7085,-0.9794,-1.1617,-0.7439,0.3378,1.2993,1.1179,2.5688,0.6685,-0.0059,-0.71,-1.0866,-1.2326,-1.3165,-0.9275,0.3317,0.2192,0.7094,0.3637,0.0407,-0.2605,-0.2557,-0.5409,0.0587,-0.4276,-0.4681,-0.199,-1.2677,-1.1115,2.1265,-0.1474,3.89,-0.5813,-0.4184,0.8922,-1.3473,0.5387,0.7924,-0.6731,-0.1086,-0.9944,-0.508,-1.1915,0.6512,2.9028,0.9262,0.6037,-0.739,-0.7136,-0.333,-0.4534,-0.4277,-0.9439,-0.5912,0.5462,-0.3131,-0.4561,-0.798,0.0959,-0.9878,-0.1875,-0.1816,-0.5812,-0.8862,-0.2708,1.7886,-0.5301,0.0809,-0.7899,-0.9938,-0.1942,-0.6462,-0.3124,0.1677,2.3718,-0.5756,-0.3064,-1.1994,-0.6864,-0.4428,4.38,0.1656,-0.7393,-0.6989,-0.3854,0.16,0.2192,0.2958,0.026,-0.253,-0.0059,-0.663,-0.7127,-0.6171,-0.3091,-0.6857,-0.5071,-0.5252,1.0421,-0.7517,-0.503,-0.3249,0.6653,3.6453,-0.1495,-0.165,1.9101,0.1354,3.4396,4.1335,-0.8409,-0.0285,-0.7671,1.8955,-0.1462,-0.4889,-0.3624,-0.4762,-0.824,0.359,-1.8365,0.1425
142,C,-1.0745,-0.9763,0.0573,2.3364,1.0731,0.4101,1.2804,0.2188,-0.2422,-1.2036,-0.5137,0.9847,-0.1615,-0.7012,-0.485,1.0264,0.3667,-0.7026,0,-0.3887,-0.3466,-0.218,-0.4714,-0.4321,-0.4229,-0.0426,-0.4622,0.0767,-0.6277,-0.6434,0.0357,0.2086,-0.7026,0.383,0.5304,-0.3298,-1.0882,-0.5172,-0.742,-1.083,-1.1601,1.0316,-1.3262,-1.3035,-0.131,-0.9924,0.8913,1.3286,0.4914,0.5938,0.6675,0.188,1.0118,0.1451,-0.7736,-0.938,-1.1075,-0.5118,-0.5276,-0.5226,0.6027,0.5777,-0.654,-0.4348,-0.6905,0.124,0.4697,-0.6134,0.0715,-0.9834,0.1504,0.9136,-0.7662,-0.7275,-0.4758,1.5667,-0.8987,0.277,-0.3401,1.2291,1.3225,0.1477,-0.412,0.55,-0.3589,-0.1191,-0.5912,-0.5711,-0.5824,-0.4561,0.2329,-0.3119,-0.0852,1.094,-0.4915,-0.473,0.0742,-0.4597,-0.5753,-0.2094,-0.526,0.1544,-0.422,-0.0943,0.2657,-0.6595,-0.5032,-0.497,-0.2767,-0.4403,-0.075,-0.476,-0.3425,-0.4243,-0.3138,0.3113,-0.1997,-0.4165,-0.7243,-0.4853,-0.3234,0.026,1.9604,0.2605,0.128,0.1022,0.033,0.1351,-0.2385,1.3884,0.0034,-0.8125,2.8226,0.612,-0.3249,-0.5201,-0.2296,0.1495,-0.165,-0.382,-0.3112,-0.3969,-0.4204,3.4386,-0.3954,0.8349,-0.7535,-0.4172,-0.019,0.1052,0.1794,0.1648,-0.1981,0.7141,-0.3579
143,A,-1.3627,-1.2524,0.3026,0.879,2.3373,0.5655,1.6944,0.1728,0.0663,1.5045,0.0377,0.4356,-0.7908,-0.3203,-0.2832,0.3958,-0.6185,-0.7026,-0.5058,-0.3239,-0.3466,-0.4113,-0.4714,-0.6721,-0.5913,0.53,-0.372,-0.5394,-0.6534,-0.1325,-0.5986,1.242,-0.836,-0.447,1.3213,0.8523,-0.8127,-0.8972,-0.5962,-0.7686,-1.1601,1.2737,-1.9864,-0.4133,-1.0866,-0.9924,0.8913,0.2005,-0.0275,0.3025,0.8769,0.2758,1.7332,-0.0577,-1.0325,-1.2159,-1.1075,-0.4276,-0.4086,-0.5226,2.473,-0.2824,-0.5915,-0.4348,-0.5667,-0.3249,1.7131,-0.3123,0.5351,-0.0251,-0.8534,1.7246,-0.6723,-0.4606,-0.787,1.7162,-1.104,-0.719,-0.8805,4.5643,1.1761,1.0091,-0.3593,0.2155,-0.4964,-0.5315,-0.5912,-0.5711,-0.5286,-0.6181,-0.2826,-0.3119,-0.6268,6.1131,-0.4527,-0.509,-0.063,-0.4282,-0.5753,-0.3876,-0.6777,-0.7899,0.5971,-0.5438,-0.4435,-0.5727,-0.3355,-0.497,-0.3763,-0.4403,-0.4498,-0.0203,-0.5432,-0.4243,-0.3138,-0.5801,1.4643,-0.4476,-0.7243,-0.4853,-0.3234,-0.5142,5.8339,-0.5387,1.4866,0.6552,-0.2456,0.0139,0.2087,1.0215,0.9094,-1.0775,0.2073,-0.28,-0.3249,-0.6217,-0.9185,-0.5981,-0.5364,-0.382,-0.3112,-0.3969,-0.5079,1.6367,-0.2119,0.9684,-0.9301,-0.572,-0.318,-0.1286,-0.3036,1.1536,-0.4766,0.8776,-0.911
144,A,-1.152,1.1406,0.1213,0.6188,0.3146,1.226,0.2747,-0.8394,-0.6536,1.5045,1.6496,-1.0686,-1.3116,-0.6377,0.8265,0.9106,-0.6185,-0.7026,-0.5058,-0.7342,-0.3466,-0.4596,-0.4714,-0.6721,-0.9282,0.4444,-0.9586,-0.6626,-0.7305,-1.2396,0.3317,0.5244,-0.2357,-0.9515,0.4585,0.8085,1.3224,1.0028,0.4245,0.1747,0.3315,-1.117,1.3805,1.0705,0.3469,0.6883,1.2592,1.3286,1.2099,0.9684,1.2121,1.2712,0.0684,-0.7878,-1.0325,-0.9777,-1.1853,-0.596,-0.6467,-0.5226,-0.3325,0.167,-0.7165,-0.4348,-0.8143,2.1116,-0.263,1.5948,0.3946,-0.1096,-0.8301,1.0899,-0.8132,-1.004,-0.8621,0.038,-1.0322,-0.4775,-0.3401,-0.7164,1.3676,2.2218,-0.4383,-0.4534,-0.3589,-0.7377,-0.7959,-0.5711,-0.5555,-0.6721,-0.6262,-0.3119,-0.9878,-0.4011,-0.5108,-0.6173,0.0285,-0.4597,-0.5753,-0.3341,-0.8295,-0.7899,-0.2977,-0.8434,-0.4435,-0.7463,-0.5032,-0.5249,-0.6752,-0.3064,-0.4498,0.155,-0.493,-0.4243,-0.3138,-0.7711,1.2147,-0.1052,-0.7243,-0.4853,-0.3234,-0.6042,-0.332,-0.7607,2.57,2.6342,1.4262,-0.0063,0.1193,1.3395,1.9665,-0.8125,-0.2286,-0.1685,-0.4135,-0.7233,-0.5741,-0.7476,-0.165,-0.382,-0.2933,-0.3543,-0.4204,-1.1787,-0.2119,0.7968,-0.9301,-0.5333,0.8354,0.0468,1.0075,0.6592,0.359,0.4307,-0.5686
